account_id,segment,score,outcome,arr,snapshot_date
ACC-0001,Mid-Market,27,0,"$44,000",2025-09-30
ACC-0002,SMB,51,0,"$6,000",2025-09-30
ACC-0003,Mid-Market,80,0,"$70,000",2025-09-30
ACC-0004,SMB,83,0,"$19,000",2025-09-30
ACC-0005,Enterprise,100,0,"$317,000",2025-09-30
ACC-0006,SMB,74,0,"$18,000",2025-09-30
ACC-0007,Enterprise,88,0,"$362,000",2025-09-30
ACC-0008,Mid-Market,79,0,"$23,000",2025-09-30
ACC-0009,SMB,72,0,"$3,000",2025-09-30
ACC-0010,Enterprise,71,0,"$106,000",2025-09-30
ACC-0011,SMB,60,0,"$5,000",2025-09-30
ACC-0012,Mid-Market,70,1,"$35,000",2025-09-30
ACC-0013,Mid-Market,71,0,"$44,000",2025-09-30
ACC-0014,Mid-Market,69,0,"$73,000",2025-09-30
ACC-0015,Enterprise,55,0,"$383,000",2025-09-30
ACC-0016,Enterprise,71,0,"$388,000",2025-09-30
ACC-0017,SMB,69,0,"$15,000",2025-09-30
ACC-0018,Enterprise,79,0,"$378,000",2025-09-30
ACC-0019,SMB,52,0,"$15,000",2025-09-30
ACC-0020,Enterprise,80,0,"$196,000",2025-09-30
ACC-0021,Enterprise,50,0,"$278,000",2025-09-30
ACC-0022,Mid-Market,49,1,"$85,000",2025-09-30
ACC-0023,Mid-Market,62,0,"$82,000",2025-09-30
ACC-0024,Mid-Market,52,0,"$36,000",2025-09-30
ACC-0025,Mid-Market,51,1,"$46,000",2025-09-30
ACC-0026,Enterprise,45,0,"$207,000",2025-09-30
ACC-0027,Enterprise,50,0,"$265,000",2025-09-30
ACC-0028,SMB,83,0,"$4,000",2025-09-30
ACC-0029,SMB,49,0,"$5,000",2025-09-30
ACC-0030,Mid-Market,68,0,"$37,000",2025-09-30
ACC-0031,Enterprise,37,0,"$146,000",2025-09-30
ACC-0032,Enterprise,57,0,"$119,000",2025-09-30
ACC-0033,SMB,43,0,"$5,000",2025-09-30
ACC-0034,Enterprise,54,0,"$211,000",2025-09-30
ACC-0035,Mid-Market,63,0,"$30,000",2025-09-30
ACC-0036,SMB,42,1,"$18,000",2025-09-30
ACC-0037,Enterprise,74,0,"$328,000",2025-09-30
ACC-0038,Mid-Market,63,0,"$45,000",2025-09-30
ACC-0039,Enterprise,87,0,"$203,000",2025-09-30
ACC-0040,SMB,51,0,"$9,000",2025-09-30
ACC-0041,Mid-Market,52,0,"$64,000",2025-09-30
ACC-0042,SMB,58,0,"$6,000",2025-09-30
ACC-0043,Mid-Market,64,0,"$86,000",2025-09-30
ACC-0044,SMB,78,0,"$13,000",2025-09-30
ACC-0045,Enterprise,100,0,"$223,000",2025-09-30
ACC-0046,SMB,73,0,"$17,000",2025-09-30
ACC-0047,Enterprise,67,0,"$104,000",2025-09-30
ACC-0048,Enterprise,51,0,"$268,000",2025-09-30
ACC-0049,Enterprise,54,1,"$321,000",2025-09-30
ACC-0050,Enterprise,67,0,"$257,000",2025-09-30
ACC-0051,Mid-Market,76,0,"$31,000",2025-09-30
ACC-0052,SMB,65,0,"$17,000",2025-09-30
ACC-0053,Enterprise,67,0,"$337,000",2025-09-30
ACC-0054,Mid-Market,64,0,"$35,000",2025-09-30
ACC-0055,Mid-Market,60,0,"$53,000",2025-09-30
ACC-0056,Mid-Market,70,0,"$63,000",2025-09-30
ACC-0057,Mid-Market,59,0,"$74,000",2025-09-30
ACC-0058,Enterprise,100,0,"$151,000",2025-09-30
ACC-0059,SMB,83,0,"$5,000",2025-09-30
ACC-0060,SMB,53,0,"$20,000",2025-09-30
ACC-0061,SMB,31,0,"$9,000",2025-09-30
ACC-0062,Mid-Market,61,0,"$87,000",2025-09-30
ACC-0063,SMB,72,0,"$3,000",2025-09-30
ACC-0064,Mid-Market,87,0,"$89,000",2025-09-30
ACC-0065,Mid-Market,63,0,"$71,000",2025-09-30
ACC-0066,Mid-Market,59,0,"$75,000",2025-09-30
ACC-0067,Mid-Market,80,1,"$36,000",2025-09-30
ACC-0068,Enterprise,77,0,"$86,000",2025-09-30
ACC-0069,SMB,66,0,"$19,000",2025-09-30
ACC-0070,SMB,87,0,"$3,000",2025-09-30
ACC-0071,Mid-Market,47,0,"$88,000",2025-09-30
ACC-0072,Mid-Market,77,0,"$37,000",2025-09-30
ACC-0073,SMB,54,0,"$9,000",2025-09-30
ACC-0074,Enterprise,54,0,"$129,000",2025-09-30
ACC-0075,Enterprise,81,0,"$295,000",2025-09-30
ACC-0076,Enterprise,75,0,"$89,000",2025-09-30
ACC-0077,SMB,45,0,"$19,000",2025-09-30
ACC-0078,SMB,92,0,"$6,000",2025-09-30
ACC-0079,Enterprise,67,0,"$326,000",2025-09-30
ACC-0080,Enterprise,41,0,"$160,000",2025-09-30
ACC-0081,SMB,84,0,"$15,000",2025-09-30
ACC-0082,Mid-Market,86,0,"$46,000",2025-09-30
ACC-0083,Enterprise,55,0,"$312,000",2025-09-30
ACC-0084,Mid-Market,32,1,"$32,000",2025-09-30
ACC-0085,SMB,62,0,"$19,000",2025-09-30
ACC-0086,SMB,72,0,"$6,000",2025-09-30
ACC-0087,SMB,71,0,"$14,000",2025-09-30
ACC-0088,SMB,33,0,"$8,000",2025-09-30
ACC-0089,Enterprise,54,1,"$262,000",2025-09-30
ACC-0090,Mid-Market,82,0,"$63,000",2025-09-30
ACC-0091,SMB,45,0,"$6,000",2025-09-30
ACC-0092,SMB,56,0,"$6,000",2025-09-30
ACC-0093,SMB,65,1,"$3,000",2025-09-30
ACC-0094,Enterprise,84,0,"$254,000",2025-09-30
ACC-0095,Mid-Market,88,0,"$29,000",2025-09-30
ACC-0096,SMB,61,0,"$8,000",2025-09-30
ACC-0097,Mid-Market,100,0,"$27,000",2025-09-30
ACC-0098,SMB,59,0,"$12,000",2025-09-30
ACC-0099,Mid-Market,60,0,"$57,000",2025-09-30
ACC-0100,Enterprise,91,0,"$101,000",2025-09-30
ACC-0101,SMB,36,0,"$5,000",2025-09-30
ACC-0102,SMB,90,0,"$10,000",2025-09-30
ACC-0103,Enterprise,92,0,"$153,000",2025-09-30
ACC-0104,Enterprise,85,0,"$140,000",2025-09-30
ACC-0105,Mid-Market,75,0,"$78,000",2025-09-30
ACC-0106,SMB,80,0,"$7,000",2025-09-30
ACC-0107,SMB,64,0,"$14,000",2025-09-30
ACC-0108,Mid-Market,52,0,"$44,000",2025-09-30
ACC-0109,SMB,71,0,"$4,000",2025-09-30
ACC-0110,Enterprise,78,0,"$93,000",2025-09-30
ACC-0111,Mid-Market,60,0,"$90,000",2025-09-30
ACC-0112,SMB,95,0,"$9,000",2025-09-30
ACC-0113,Mid-Market,56,0,"$77,000",2025-09-30
ACC-0114,Mid-Market,66,0,"$39,000",2025-09-30
ACC-0115,Enterprise,78,0,"$174,000",2025-09-30
ACC-0116,SMB,45,0,"$20,000",2025-09-30
ACC-0117,Enterprise,46,0,"$233,000",2025-09-30
ACC-0118,Mid-Market,57,0,"$30,000",2025-09-30
ACC-0119,Mid-Market,67,0,"$65,000",2025-09-30
ACC-0120,Mid-Market,50,0,"$55,000",2025-09-30
ACC-0121,Mid-Market,85,0,"$51,000",2025-09-30
ACC-0122,Mid-Market,65,0,"$70,000",2025-09-30
ACC-0123,SMB,64,0,"$8,000",2025-09-30
ACC-0124,Enterprise,48,0,"$224,000",2025-09-30
ACC-0125,Mid-Market,43,0,"$28,000",2025-09-30
ACC-0126,Mid-Market,59,0,"$30,000",2025-09-30
ACC-0127,SMB,72,0,"$16,000",2025-09-30
ACC-0128,Mid-Market,61,0,"$63,000",2025-09-30
ACC-0129,Mid-Market,41,0,"$82,000",2025-09-30
ACC-0130,SMB,100,0,"$16,000",2025-09-30
ACC-0131,SMB,82,1,"$17,000",2025-09-30
ACC-0132,SMB,64,0,"$3,000",2025-09-30
ACC-0133,SMB,49,1,"$8,000",2025-09-30
ACC-0134,Mid-Market,74,0,"$57,000",2025-09-30
ACC-0135,SMB,80,0,"$4,000",2025-09-30
ACC-0136,SMB,71,1,"$13,000",2025-09-30
ACC-0137,Enterprise,71,0,"$321,000",2025-09-30
ACC-0138,Mid-Market,77,0,"$42,000",2025-09-30
ACC-0139,SMB,87,0,"$13,000",2025-09-30
ACC-0140,SMB,57,0,"$10,000",2025-09-30
ACC-0141,Mid-Market,67,0,"$86,000",2025-09-30
ACC-0142,SMB,75,1,"$18,000",2025-09-30
ACC-0143,SMB,53,0,"$8,000",2025-09-30
ACC-0144,SMB,70,0,"$11,000",2025-09-30
ACC-0145,Mid-Market,88,0,"$39,000",2025-09-30
ACC-0146,Enterprise,73,0,"$350,000",2025-09-30
ACC-0147,SMB,91,0,"$3,000",2025-09-30
ACC-0148,SMB,80,0,"$9,000",2025-09-30
ACC-0149,Enterprise,48,0,"$239,000",2025-09-30
ACC-0150,Mid-Market,76,0,"$28,000",2025-09-30
ACC-0151,Enterprise,82,0,"$142,000",2025-09-30
ACC-0152,SMB,86,0,"$12,000",2025-09-30
ACC-0153,SMB,63,0,"$12,000",2025-09-30
ACC-0154,SMB,66,0,"$15,000",2025-09-30
ACC-0155,SMB,75,0,"$12,000",2025-09-30
ACC-0156,SMB,72,0,"$15,000",2025-09-30
ACC-0157,Enterprise,71,0,"$171,000",2025-09-30
ACC-0158,Mid-Market,72,0,"$31,000",2025-09-30
ACC-0159,Mid-Market,71,0,"$63,000",2025-09-30
ACC-0160,SMB,73,0,"$15,000",2025-09-30
ACC-0161,Mid-Market,88,0,"$60,000",2025-09-30
ACC-0162,SMB,54,0,"$13,000",2025-09-30
ACC-0163,Enterprise,59,0,"$184,000",2025-09-30
ACC-0164,SMB,84,0,"$11,000",2025-09-30
ACC-0165,SMB,84,0,"$7,000",2025-09-30
ACC-0166,SMB,53,0,"$3,000",2025-09-30
ACC-0167,SMB,68,0,"$13,000",2025-09-30
ACC-0168,Mid-Market,73,0,"$54,000",2025-09-30
ACC-0169,SMB,38,1,"$20,000",2025-09-30
ACC-0170,SMB,74,0,"$13,000",2025-09-30
ACC-0171,SMB,90,0,"$14,000",2025-09-30
ACC-0172,SMB,89,0,"$17,000",2025-09-30
ACC-0173,Enterprise,88,0,"$150,000",2025-09-30
ACC-0174,SMB,100,0,"$9,000",2025-09-30
ACC-0175,Mid-Market,87,0,"$42,000",2025-09-30
ACC-0176,Mid-Market,70,0,"$62,000",2025-09-30
ACC-0177,SMB,92,0,"$18,000",2025-09-30
ACC-0178,Mid-Market,72,0,"$72,000",2025-09-30
ACC-0179,Mid-Market,100,0,"$75,000",2025-09-30
ACC-0180,SMB,64,0,"$19,000",2025-09-30
ACC-0181,Mid-Market,62,0,"$75,000",2025-09-30
ACC-0182,SMB,67,0,"$10,000",2025-09-30
ACC-0183,Enterprise,45,0,"$106,000",2025-09-30
ACC-0184,Mid-Market,72,0,"$70,000",2025-09-30
ACC-0185,SMB,95,0,"$16,000",2025-09-30
ACC-0186,SMB,65,0,"$5,000",2025-09-30
ACC-0187,Enterprise,68,0,"$312,000",2025-09-30
ACC-0188,Mid-Market,57,0,"$42,000",2025-09-30
ACC-0189,Mid-Market,44,1,"$49,000",2025-09-30
ACC-0190,Mid-Market,72,0,"$59,000",2025-09-30
ACC-0191,Mid-Market,100,0,"$45,000",2025-09-30
ACC-0192,SMB,46,0,"$13,000",2025-09-30
ACC-0193,SMB,53,0,"$20,000",2025-09-30
ACC-0194,SMB,82,0,"$12,000",2025-09-30
ACC-0195,SMB,51,0,"$17,000",2025-09-30
ACC-0196,Mid-Market,100,0,"$35,000",2025-09-30
ACC-0197,Mid-Market,62,0,"$67,000",2025-09-30
ACC-0198,SMB,45,0,"$8,000",2025-09-30
ACC-0199,SMB,61,1,"$19,000",2025-09-30
ACC-0200,Enterprise,91,0,"$83,000",2025-09-30
ACC-0201,Mid-Market,68,0,"$51,000",2025-09-30
ACC-0202,Mid-Market,58,0,"$39,000",2025-09-30
ACC-0203,SMB,86,1,"$8,000",2025-09-30
ACC-0204,Enterprise,54,0,"$264,000",2025-09-30
ACC-0205,SMB,44,0,"$8,000",2025-09-30
ACC-0206,SMB,63,0,"$10,000",2025-09-30
ACC-0207,SMB,52,0,"$18,000",2025-09-30
ACC-0208,Mid-Market,61,0,"$83,000",2025-09-30
ACC-0209,Enterprise,42,0,"$172,000",2025-09-30
ACC-0210,SMB,49,0,"$17,000",2025-09-30
ACC-0211,SMB,68,0,"$10,000",2025-09-30
ACC-0212,SMB,62,1,"$13,000",2025-09-30
ACC-0213,SMB,63,0,"$19,000",2025-09-30
ACC-0214,Enterprise,34,0,"$161,000",2025-09-30
ACC-0215,Enterprise,51,0,"$101,000",2025-09-30
ACC-0216,SMB,75,0,"$17,000",2025-09-30
ACC-0217,Mid-Market,67,0,"$38,000",2025-09-30
ACC-0218,Mid-Market,65,0,"$29,000",2025-09-30
ACC-0219,SMB,55,0,"$6,000",2025-09-30
ACC-0220,SMB,17,1,"$10,000",2025-09-30
ACC-0221,Mid-Market,39,0,"$40,000",2025-09-30
ACC-0222,SMB,100,0,"$17,000",2025-09-30
ACC-0223,SMB,77,0,"$16,000",2025-09-30
ACC-0224,Mid-Market,61,0,"$40,000",2025-09-30
ACC-0225,Enterprise,70,0,"$308,000",2025-09-30
ACC-0226,SMB,85,0,"$5,000",2025-09-30
ACC-0227,Enterprise,58,0,"$345,000",2025-09-30
ACC-0228,Mid-Market,100,0,"$54,000",2025-09-30
ACC-0229,Mid-Market,90,0,"$35,000",2025-09-30
ACC-0230,SMB,100,0,"$15,000",2025-09-30
ACC-0231,Mid-Market,68,1,"$50,000",2025-09-30
ACC-0232,Enterprise,44,0,"$384,000",2025-09-30
ACC-0233,Enterprise,48,0,"$344,000",2025-09-30
ACC-0234,Mid-Market,76,0,"$38,000",2025-09-30
ACC-0235,SMB,46,1,"$10,000",2025-09-30
ACC-0236,Enterprise,61,0,"$392,000",2025-09-30
ACC-0237,Enterprise,91,0,"$232,000",2025-09-30
ACC-0238,SMB,69,0,"$10,000",2025-09-30
ACC-0239,SMB,64,0,"$18,000",2025-09-30
ACC-0240,Mid-Market,98,0,"$55,000",2025-09-30
ACC-0241,Enterprise,49,0,"$202,000",2025-09-30
ACC-0242,SMB,77,0,"$11,000",2025-09-30
ACC-0243,SMB,39,1,"$14,000",2025-09-30
ACC-0244,SMB,56,0,"$15,000",2025-09-30
ACC-0245,Mid-Market,48,0,"$29,000",2025-09-30
ACC-0246,Enterprise,55,0,"$271,000",2025-09-30
ACC-0247,SMB,85,0,"$3,000",2025-09-30
ACC-0248,SMB,49,0,"$20,000",2025-09-30
ACC-0249,Mid-Market,53,0,"$68,000",2025-09-30
ACC-0250,Enterprise,73,0,"$339,000",2025-09-30
ACC-0251,Mid-Market,62,0,"$49,000",2025-09-30
ACC-0252,SMB,66,0,"$15,000",2025-09-30
ACC-0253,Enterprise,32,0,"$120,000",2025-09-30
ACC-0254,Mid-Market,55,0,"$46,000",2025-09-30
ACC-0255,SMB,98,0,"$12,000",2025-09-30
ACC-0256,Mid-Market,58,0,"$83,000",2025-09-30
ACC-0257,SMB,47,0,"$5,000",2025-09-30
ACC-0258,SMB,87,0,"$17,000",2025-09-30
ACC-0259,Mid-Market,63,0,"$81,000",2025-09-30
ACC-0260,Mid-Market,61,0,"$52,000",2025-09-30
ACC-0261,Mid-Market,61,0,"$36,000",2025-09-30
ACC-0262,SMB,55,1,"$7,000",2025-09-30
ACC-0263,Enterprise,55,0,"$87,000",2025-09-30
ACC-0264,Mid-Market,55,0,"$70,000",2025-09-30
ACC-0265,SMB,71,0,"$9,000",2025-09-30
ACC-0266,Mid-Market,65,0,"$71,000",2025-09-30
ACC-0267,SMB,83,0,"$17,000",2025-09-30
ACC-0268,SMB,35,0,"$15,000",2025-09-30
ACC-0269,SMB,57,0,"$12,000",2025-09-30
ACC-0270,SMB,71,0,"$20,000",2025-09-30
ACC-0271,SMB,65,0,"$11,000",2025-09-30
ACC-0272,SMB,86,0,"$11,000",2025-09-30
ACC-0273,Mid-Market,76,0,"$26,000",2025-09-30
ACC-0274,Enterprise,71,0,"$238,000",2025-09-30
ACC-0275,Enterprise,4,1,"$289,000",2025-09-30
ACC-0276,Mid-Market,72,0,"$27,000",2025-09-30
ACC-0277,SMB,52,0,"$17,000",2025-09-30
ACC-0278,SMB,45,0,"$3,000",2025-09-30
ACC-0279,SMB,39,0,"$5,000",2025-09-30
ACC-0280,Mid-Market,59,1,"$28,000",2025-09-30
ACC-0281,Enterprise,33,0,"$333,000",2025-09-30
ACC-0282,SMB,60,0,"$15,000",2025-09-30
ACC-0283,SMB,33,0,"$10,000",2025-09-30
ACC-0284,Mid-Market,86,0,"$55,000",2025-09-30
ACC-0285,SMB,51,1,"$11,000",2025-09-30
ACC-0286,Mid-Market,70,0,"$26,000",2025-09-30
ACC-0287,Mid-Market,61,0,"$67,000",2025-09-30
ACC-0288,Enterprise,55,1,"$284,000",2025-09-30
ACC-0289,Mid-Market,56,0,"$22,000",2025-09-30
ACC-0290,Mid-Market,86,0,"$61,000",2025-09-30
ACC-0291,Mid-Market,85,0,"$54,000",2025-09-30
ACC-0292,SMB,58,0,"$14,000",2025-09-30
ACC-0293,Mid-Market,95,0,"$47,000",2025-09-30
ACC-0294,SMB,67,0,"$6,000",2025-09-30
ACC-0295,Enterprise,63,0,"$319,000",2025-09-30
ACC-0296,Mid-Market,36,0,"$25,000",2025-09-30
ACC-0297,SMB,46,0,"$13,000",2025-09-30
ACC-0298,Enterprise,62,0,"$211,000",2025-09-30
ACC-0299,SMB,84,0,"$6,000",2025-09-30
ACC-0300,Mid-Market,64,0,"$34,000",2025-09-30
ACC-0301,Mid-Market,72,0,"$52,000",2025-09-30
ACC-0302,SMB,65,0,"$16,000",2025-09-30
ACC-0303,Enterprise,61,0,"$364,000",2025-09-30
ACC-0304,SMB,91,0,"$20,000",2025-09-30
ACC-0305,SMB,100,0,"$13,000",2025-09-30
ACC-0306,Enterprise,83,0,"$192,000",2025-09-30
ACC-0307,Mid-Market,62,0,"$82,000",2025-09-30
ACC-0308,Enterprise,63,0,"$352,000",2025-09-30
ACC-0309,SMB,83,0,"$9,000",2025-09-30
ACC-0310,SMB,65,0,"$17,000",2025-09-30
ACC-0311,Enterprise,63,0,"$398,000",2025-09-30
ACC-0312,Enterprise,79,0,"$185,000",2025-09-30
ACC-0313,SMB,68,0,"$11,000",2025-09-30
ACC-0314,Mid-Market,72,0,"$64,000",2025-09-30
ACC-0315,SMB,68,0,"$17,000",2025-09-30
ACC-0316,Mid-Market,89,0,"$72,000",2025-09-30
ACC-0317,Mid-Market,83,0,"$54,000",2025-09-30
ACC-0318,SMB,73,1,"$3,000",2025-09-30
ACC-0319,Mid-Market,91,0,"$55,000",2025-09-30
ACC-0320,Enterprise,94,0,"$382,000",2025-09-30
ACC-0321,SMB,54,0,"$3,000",2025-09-30
ACC-0322,SMB,69,0,"$7,000",2025-09-30
ACC-0323,Mid-Market,53,0,"$27,000",2025-09-30
ACC-0324,SMB,81,0,"$10,000",2025-09-30
ACC-0325,SMB,47,1,"$9,000",2025-09-30
ACC-0326,Mid-Market,6,0,"$67,000",2025-09-30
ACC-0327,Mid-Market,92,1,"$52,000",2025-09-30
ACC-0328,SMB,84,0,"$3,000",2025-09-30
ACC-0329,Mid-Market,43,0,"$64,000",2025-09-30
ACC-0330,Mid-Market,91,0,"$32,000",2025-09-30
ACC-0331,SMB,59,0,"$19,000",2025-09-30
ACC-0332,Mid-Market,63,0,"$51,000",2025-09-30
ACC-0333,Mid-Market,89,0,"$78,000",2025-09-30
ACC-0334,SMB,64,0,"$7,000",2025-09-30
ACC-0335,SMB,47,0,"$3,000",2025-09-30
ACC-0336,Mid-Market,63,0,"$68,000",2025-09-30
ACC-0337,Mid-Market,52,0,"$25,000",2025-09-30
ACC-0338,Mid-Market,53,1,"$88,000",2025-09-30
ACC-0339,SMB,32,1,"$19,000",2025-09-30
ACC-0340,SMB,84,0,"$11,000",2025-09-30
ACC-0341,SMB,65,0,"$14,000",2025-09-30
ACC-0342,SMB,83,0,"$12,000",2025-09-30
ACC-0343,SMB,86,0,"$6,000",2025-09-30
ACC-0344,SMB,74,1,"$10,000",2025-09-30
ACC-0345,Mid-Market,37,0,"$33,000",2025-09-30
ACC-0346,SMB,61,0,"$14,000",2025-09-30
ACC-0347,SMB,73,1,"$6,000",2025-09-30
ACC-0348,Mid-Market,95,0,"$31,000",2025-09-30
ACC-0349,Mid-Market,61,0,"$71,000",2025-09-30
ACC-0350,Mid-Market,97,0,"$70,000",2025-09-30
ACC-0351,SMB,58,0,"$4,000",2025-09-30
ACC-0352,SMB,79,0,"$20,000",2025-09-30
ACC-0353,Enterprise,50,0,"$188,000",2025-09-30
ACC-0354,SMB,90,0,"$8,000",2025-09-30
ACC-0355,SMB,38,0,"$6,000",2025-09-30
ACC-0356,Mid-Market,76,0,"$34,000",2025-09-30
ACC-0357,SMB,57,1,"$9,000",2025-09-30
ACC-0358,Enterprise,63,0,"$151,000",2025-09-30
ACC-0359,SMB,61,0,"$18,000",2025-09-30
ACC-0360,Mid-Market,66,0,"$85,000",2025-09-30
ACC-0361,Enterprise,65,0,"$183,000",2025-09-30
ACC-0362,SMB,55,0,"$15,000",2025-09-30
ACC-0363,Mid-Market,48,0,"$81,000",2025-09-30
ACC-0364,Mid-Market,55,0,"$53,000",2025-09-30
ACC-0365,SMB,53,1,"$10,000",2025-09-30
ACC-0366,SMB,59,0,"$20,000",2025-09-30
ACC-0367,Enterprise,47,0,"$140,000",2025-09-30
ACC-0368,SMB,77,0,"$7,000",2025-09-30
ACC-0369,Enterprise,58,0,"$250,000",2025-09-30
ACC-0370,Mid-Market,43,0,"$58,000",2025-09-30
ACC-0371,Mid-Market,95,0,"$64,000",2025-09-30
ACC-0372,Enterprise,100,0,"$166,000",2025-09-30
ACC-0373,Mid-Market,93,0,"$34,000",2025-09-30
ACC-0374,Mid-Market,57,0,"$57,000",2025-09-30
ACC-0375,Mid-Market,80,0,"$55,000",2025-09-30
ACC-0376,Enterprise,81,0,"$358,000",2025-09-30
ACC-0377,Mid-Market,63,0,"$53,000",2025-09-30
ACC-0378,Enterprise,43,0,"$265,000",2025-09-30
ACC-0379,Mid-Market,59,0,"$54,000",2025-09-30
ACC-0380,SMB,50,1,"$5,000",2025-09-30
ACC-0381,Mid-Market,100,0,"$67,000",2025-09-30
ACC-0382,Mid-Market,66,0,"$38,000",2025-09-30
ACC-0383,Mid-Market,90,0,"$89,000",2025-09-30
ACC-0384,Mid-Market,96,0,"$87,000",2025-09-30
ACC-0385,SMB,99,0,"$9,000",2025-09-30
ACC-0386,Enterprise,49,0,"$365,000",2025-09-30
ACC-0387,SMB,65,0,"$7,000",2025-09-30
ACC-0388,SMB,78,0,"$13,000",2025-09-30
ACC-0389,SMB,84,0,"$6,000",2025-09-30
ACC-0390,Mid-Market,77,0,"$73,000",2025-09-30
ACC-0391,Enterprise,75,0,"$122,000",2025-09-30
ACC-0392,Enterprise,88,0,"$282,000",2025-09-30
ACC-0393,Mid-Market,69,0,"$53,000",2025-09-30
ACC-0394,SMB,83,0,"$14,000",2025-09-30
ACC-0395,Mid-Market,69,0,"$47,000",2025-09-30
ACC-0396,Mid-Market,100,0,"$43,000",2025-09-30
ACC-0397,SMB,47,0,"$8,000",2025-09-30
ACC-0398,Mid-Market,50,1,"$62,000",2025-09-30
ACC-0399,SMB,71,0,"$17,000",2025-09-30
ACC-0400,Enterprise,44,0,"$150,000",2025-09-30
ACC-0401,Enterprise,96,0,"$294,000",2025-09-30
ACC-0402,SMB,81,0,"$18,000",2025-09-30
ACC-0403,SMB,71,1,"$8,000",2025-09-30
ACC-0404,Enterprise,62,0,"$332,000",2025-09-30
ACC-0405,Mid-Market,75,0,"$44,000",2025-09-30
ACC-0406,Enterprise,61,0,"$312,000",2025-09-30
ACC-0407,SMB,74,0,"$4,000",2025-09-30
ACC-0408,Enterprise,61,0,"$378,000",2025-09-30
ACC-0409,Mid-Market,43,0,"$53,000",2025-09-30
ACC-0410,Enterprise,60,0,"$119,000",2025-09-30
ACC-0411,Enterprise,91,0,"$327,000",2025-09-30
ACC-0412,SMB,60,0,"$9,000",2025-09-30
ACC-0413,Enterprise,39,0,"$379,000",2025-09-30
ACC-0414,Enterprise,71,0,"$168,000",2025-09-30
ACC-0415,SMB,84,0,"$17,000",2025-09-30
ACC-0416,Enterprise,68,0,"$165,000",2025-09-30
ACC-0417,Mid-Market,79,0,"$60,000",2025-09-30
ACC-0418,Mid-Market,47,0,"$73,000",2025-09-30
ACC-0419,Mid-Market,50,0,"$40,000",2025-09-30
ACC-0420,Mid-Market,69,0,"$41,000",2025-09-30
ACC-0421,Mid-Market,56,0,"$32,000",2025-09-30
ACC-0422,Mid-Market,60,0,"$85,000",2025-09-30
ACC-0423,SMB,56,0,"$4,000",2025-09-30
ACC-0424,Enterprise,50,0,"$326,000",2025-09-30
ACC-0425,SMB,62,1,"$15,000",2025-09-30
ACC-0426,SMB,85,0,"$16,000",2025-09-30
ACC-0427,Mid-Market,72,0,"$57,000",2025-09-30
ACC-0428,SMB,68,0,"$9,000",2025-09-30
ACC-0429,SMB,51,0,"$11,000",2025-09-30
ACC-0430,SMB,71,0,"$18,000",2025-09-30
ACC-0431,Mid-Market,67,1,"$63,000",2025-09-30
ACC-0432,SMB,100,0,"$8,000",2025-09-30
ACC-0433,Enterprise,100,0,"$175,000",2025-09-30
ACC-0434,SMB,61,0,"$15,000",2025-09-30
ACC-0435,SMB,82,0,"$15,000",2025-09-30
ACC-0436,SMB,49,1,"$10,000",2025-09-30
ACC-0437,Mid-Market,59,0,"$60,000",2025-09-30
ACC-0438,Mid-Market,59,0,"$33,000",2025-09-30
ACC-0439,Mid-Market,69,0,"$58,000",2025-09-30
ACC-0440,SMB,67,0,"$19,000",2025-09-30
ACC-0441,SMB,73,0,"$19,000",2025-09-30
ACC-0442,Mid-Market,69,0,"$66,000",2025-09-30
ACC-0443,Mid-Market,52,0,"$87,000",2025-09-30
ACC-0444,Mid-Market,75,0,"$80,000",2025-09-30
ACC-0445,Enterprise,41,0,"$364,000",2025-09-30
ACC-0446,SMB,77,0,"$5,000",2025-09-30
ACC-0447,Enterprise,66,0,"$362,000",2025-09-30
ACC-0448,Mid-Market,59,0,"$27,000",2025-09-30
ACC-0449,Enterprise,100,0,"$209,000",2025-09-30
ACC-0450,Enterprise,59,0,"$394,000",2025-09-30
ACC-0451,SMB,34,1,"$4,000",2025-09-30
ACC-0452,Enterprise,66,0,"$205,000",2025-09-30
ACC-0453,Mid-Market,43,0,"$33,000",2025-09-30
ACC-0454,SMB,85,0,"$6,000",2025-09-30
ACC-0455,Mid-Market,99,0,"$72,000",2025-09-30
ACC-0456,SMB,70,0,"$11,000",2025-09-30
ACC-0457,Mid-Market,53,0,"$47,000",2025-09-30
ACC-0458,Mid-Market,80,0,"$78,000",2025-09-30
ACC-0459,SMB,40,0,"$5,000",2025-09-30
ACC-0460,SMB,57,0,"$16,000",2025-09-30
ACC-0461,Enterprise,58,0,"$380,000",2025-09-30
ACC-0462,Enterprise,89,0,"$298,000",2025-09-30
ACC-0463,SMB,69,0,"$4,000",2025-09-30
ACC-0464,Mid-Market,83,0,"$70,000",2025-09-30
ACC-0465,SMB,58,0,"$11,000",2025-09-30
ACC-0466,Mid-Market,36,0,"$89,000",2025-09-30
ACC-0467,SMB,86,0,"$11,000",2025-09-30
ACC-0468,SMB,89,0,"$8,000",2025-09-30
ACC-0469,SMB,71,0,"$6,000",2025-09-30
ACC-0470,SMB,45,0,"$3,000",2025-09-30
ACC-0471,SMB,47,1,"$8,000",2025-09-30
ACC-0472,SMB,90,0,"$7,000",2025-09-30
ACC-0473,Mid-Market,62,0,"$39,000",2025-09-30
ACC-0474,SMB,65,0,"$9,000",2025-09-30
ACC-0475,Enterprise,71,0,"$177,000",2025-09-30
ACC-0476,Mid-Market,71,0,"$57,000",2025-09-30
ACC-0477,Enterprise,57,0,"$191,000",2025-09-30
ACC-0478,Enterprise,39,0,"$371,000",2025-09-30
ACC-0479,SMB,68,0,"$17,000",2025-09-30
ACC-0480,SMB,78,0,"$18,000",2025-09-30
ACC-0481,Mid-Market,62,0,"$81,000",2025-09-30
ACC-0482,Enterprise,53,0,"$104,000",2025-09-30
ACC-0483,SMB,81,0,"$15,000",2025-09-30
ACC-0484,Enterprise,68,0,"$90,000",2025-09-30
ACC-0485,Mid-Market,52,0,"$56,000",2025-09-30
ACC-0486,SMB,41,0,"$10,000",2025-09-30
ACC-0487,SMB,65,0,"$11,000",2025-09-30
ACC-0488,Enterprise,68,0,"$129,000",2025-09-30
ACC-0489,Enterprise,30,0,"$307,000",2025-09-30
ACC-0490,Mid-Market,55,0,"$53,000",2025-09-30
ACC-0491,Mid-Market,10,0,"$56,000",2025-09-30
ACC-0492,Mid-Market,37,0,"$78,000",2025-09-30
ACC-0493,Mid-Market,38,0,"$67,000",2025-09-30
ACC-0494,Enterprise,96,0,"$196,000",2025-09-30
ACC-0495,Enterprise,50,0,"$364,000",2025-09-30
ACC-0496,SMB,62,0,"$6,000",2025-09-30
ACC-0497,Enterprise,76,0,"$136,000",2025-09-30
ACC-0498,SMB,80,0,"$4,000",2025-09-30
ACC-0499,SMB,75,0,"$17,000",2025-09-30
ACC-0500,SMB,83,0,"$3,000",2025-09-30
ACC-0501,Mid-Market,59,1,"$62,000",2025-09-30
ACC-0502,SMB,55,0,"$11,000",2025-09-30
ACC-0503,Enterprise,69,0,"$256,000",2025-09-30
ACC-0504,SMB,53,0,"$13,000",2025-09-30
ACC-0505,SMB,90,0,"$4,000",2025-09-30
ACC-0506,SMB,48,0,"$8,000",2025-09-30
ACC-0507,Mid-Market,63,0,"$45,000",2025-09-30
ACC-0508,Enterprise,62,0,"$201,000",2025-09-30
ACC-0509,SMB,61,0,"$18,000",2025-09-30
ACC-0510,Enterprise,58,0,"$381,000",2025-09-30
ACC-0511,Mid-Market,70,0,"$62,000",2025-09-30
ACC-0512,Enterprise,67,0,"$391,000",2025-09-30
ACC-0513,Mid-Market,35,0,"$77,000",2025-09-30
ACC-0514,Mid-Market,66,1,"$24,000",2025-09-30
ACC-0515,Enterprise,32,0,"$163,000",2025-09-30
ACC-0516,Mid-Market,72,0,"$40,000",2025-09-30
ACC-0517,SMB,67,0,"$13,000",2025-09-30
ACC-0518,SMB,91,0,"$10,000",2025-09-30
ACC-0519,Mid-Market,69,0,"$41,000",2025-09-30
ACC-0520,Enterprise,74,0,"$272,000",2025-09-30
ACC-0521,Mid-Market,65,1,"$25,000",2025-09-30
ACC-0522,Enterprise,57,0,"$84,000",2025-09-30
ACC-0523,Mid-Market,60,0,"$33,000",2025-09-30
ACC-0524,Mid-Market,91,0,"$32,000",2025-09-30
ACC-0525,SMB,76,0,"$16,000",2025-09-30
ACC-0526,SMB,53,0,"$10,000",2025-09-30
ACC-0527,SMB,40,1,"$5,000",2025-09-30
ACC-0528,Enterprise,28,0,"$111,000",2025-09-30
ACC-0529,Enterprise,83,0,"$95,000",2025-09-30
ACC-0530,Mid-Market,61,0,"$89,000",2025-09-30
ACC-0531,Enterprise,50,1,"$80,000",2025-09-30
ACC-0532,SMB,60,0,"$5,000",2025-09-30
ACC-0533,Mid-Market,94,0,"$80,000",2025-09-30
ACC-0534,Mid-Market,50,0,"$60,000",2025-09-30
ACC-0535,Mid-Market,36,0,"$36,000",2025-09-30
ACC-0536,SMB,38,0,"$9,000",2025-09-30
ACC-0537,SMB,44,1,"$7,000",2025-09-30
ACC-0538,Mid-Market,23,0,"$90,000",2025-09-30
ACC-0539,SMB,59,0,"$10,000",2025-09-30
ACC-0540,Enterprise,72,0,"$112,000",2025-09-30
ACC-0541,Mid-Market,89,0,"$67,000",2025-09-30
ACC-0542,SMB,81,0,"$4,000",2025-09-30
ACC-0543,SMB,80,0,"$9,000",2025-09-30
ACC-0544,Enterprise,63,0,"$214,000",2025-09-30
ACC-0545,Enterprise,63,0,"$267,000",2025-09-30
ACC-0546,Enterprise,88,0,"$295,000",2025-09-30
ACC-0547,SMB,49,0,"$6,000",2025-09-30
ACC-0548,Enterprise,27,0,"$120,000",2025-09-30
ACC-0549,Enterprise,44,0,"$307,000",2025-09-30
ACC-0550,Mid-Market,77,0,"$21,000",2025-09-30
ACC-0551,SMB,56,1,"$9,000",2025-09-30
ACC-0552,Mid-Market,67,0,"$56,000",2025-09-30
ACC-0553,Mid-Market,85,0,"$62,000",2025-09-30
ACC-0554,Mid-Market,90,0,"$25,000",2025-09-30
ACC-0555,Mid-Market,53,0,"$73,000",2025-09-30
ACC-0556,SMB,100,0,"$16,000",2025-09-30
ACC-0557,SMB,67,0,"$19,000",2025-09-30
ACC-0558,SMB,61,0,"$20,000",2025-09-30
ACC-0559,Mid-Market,83,0,"$63,000",2025-09-30
ACC-0560,SMB,48,0,"$5,000",2025-09-30
ACC-0561,Enterprise,75,0,"$334,000",2025-09-30
ACC-0562,Enterprise,72,0,"$195,000",2025-09-30
ACC-0563,Enterprise,44,0,"$391,000",2025-09-30
ACC-0564,Mid-Market,65,0,"$66,000",2025-09-30
ACC-0565,SMB,55,0,"$15,000",2025-09-30
ACC-0566,SMB,79,1,"$6,000",2025-09-30
ACC-0567,SMB,84,0,"$19,000",2025-09-30
ACC-0568,SMB,100,0,"$10,000",2025-09-30
ACC-0569,Enterprise,91,0,"$228,000",2025-09-30
ACC-0570,Mid-Market,77,0,"$61,000",2025-09-30
ACC-0571,Enterprise,71,0,"$388,000",2025-09-30
ACC-0572,Mid-Market,70,0,"$60,000",2025-09-30
ACC-0573,Enterprise,51,0,"$264,000",2025-09-30
ACC-0574,Mid-Market,74,0,"$32,000",2025-09-30
ACC-0575,Enterprise,57,0,"$375,000",2025-09-30
ACC-0576,SMB,71,0,"$7,000",2025-09-30
ACC-0577,SMB,60,0,"$17,000",2025-09-30
ACC-0578,Enterprise,56,0,"$104,000",2025-09-30
ACC-0579,Enterprise,72,0,"$392,000",2025-09-30
ACC-0580,SMB,74,0,"$20,000",2025-09-30
ACC-0581,Mid-Market,76,0,"$43,000",2025-09-30
ACC-0582,Mid-Market,59,0,"$79,000",2025-09-30
ACC-0583,Mid-Market,62,0,"$88,000",2025-09-30
ACC-0584,SMB,58,1,"$8,000",2025-09-30
ACC-0585,Mid-Market,55,0,"$46,000",2025-09-30
ACC-0586,Mid-Market,49,0,"$20,000",2025-09-30
ACC-0587,SMB,72,0,"$16,000",2025-09-30
ACC-0588,SMB,61,1,"$19,000",2025-09-30
ACC-0589,SMB,62,0,"$4,000",2025-09-30
ACC-0590,Mid-Market,50,0,"$90,000",2025-09-30
ACC-0591,SMB,59,0,"$10,000",2025-09-30
ACC-0592,Mid-Market,54,0,"$27,000",2025-09-30
ACC-0593,Mid-Market,72,0,"$43,000",2025-09-30
ACC-0594,Enterprise,81,0,"$320,000",2025-09-30
ACC-0595,Enterprise,58,0,"$214,000",2025-09-30
ACC-0596,SMB,66,0,"$13,000",2025-09-30
ACC-0597,Enterprise,69,0,"$306,000",2025-09-30
ACC-0598,Enterprise,57,0,"$341,000",2025-09-30
ACC-0599,Mid-Market,93,0,"$73,000",2025-09-30
ACC-0600,Mid-Market,48,0,"$63,000",2025-09-30
ACC-0601,Mid-Market,71,0,"$57,000",2025-09-30
ACC-0602,SMB,68,0,"$17,000",2025-09-30
ACC-0603,SMB,55,0,"$3,000",2025-09-30
ACC-0604,Mid-Market,83,0,"$50,000",2025-09-30
ACC-0605,SMB,41,1,"$20,000",2025-09-30
ACC-0606,Mid-Market,49,1,"$71,000",2025-09-30
ACC-0607,SMB,80,0,"$12,000",2025-09-30
ACC-0608,Mid-Market,76,0,"$87,000",2025-09-30
ACC-0609,SMB,69,0,"$20,000",2025-09-30
ACC-0610,SMB,61,1,"$15,000",2025-09-30
ACC-0611,Enterprise,32,0,"$330,000",2025-09-30
ACC-0612,SMB,47,0,"$15,000",2025-09-30
ACC-0613,SMB,68,1,"$19,000",2025-09-30
ACC-0614,Enterprise,51,0,"$207,000",2025-09-30
ACC-0615,Enterprise,97,0,"$308,000",2025-09-30
ACC-0616,SMB,38,0,"$15,000",2025-09-30
ACC-0617,Mid-Market,47,0,"$87,000",2025-09-30
ACC-0618,SMB,69,0,"$12,000",2025-09-30
ACC-0619,Mid-Market,73,0,"$50,000",2025-09-30
ACC-0620,Mid-Market,66,0,"$90,000",2025-09-30
ACC-0621,Mid-Market,59,0,"$64,000",2025-09-30
ACC-0622,SMB,100,0,"$7,000",2025-09-30
ACC-0623,Enterprise,78,0,"$139,000",2025-09-30
ACC-0624,SMB,63,0,"$4,000",2025-09-30
ACC-0625,Enterprise,93,0,"$379,000",2025-09-30
ACC-0626,SMB,76,0,"$5,000",2025-09-30
ACC-0627,SMB,45,0,"$17,000",2025-09-30
ACC-0628,Mid-Market,85,0,"$40,000",2025-09-30
ACC-0629,SMB,95,0,"$3,000",2025-09-30
ACC-0630,SMB,49,0,"$8,000",2025-09-30
ACC-0631,Mid-Market,62,0,"$90,000",2025-09-30
ACC-0632,SMB,71,0,"$17,000",2025-09-30
ACC-0633,SMB,46,1,"$14,000",2025-09-30
ACC-0634,Enterprise,51,0,"$245,000",2025-09-30
ACC-0635,SMB,84,0,"$3,000",2025-09-30
ACC-0636,SMB,41,0,"$13,000",2025-09-30
ACC-0637,Mid-Market,63,0,"$35,000",2025-09-30
ACC-0638,SMB,58,0,"$9,000",2025-09-30
ACC-0639,SMB,60,0,"$13,000",2025-09-30
ACC-0640,Mid-Market,81,0,"$88,000",2025-09-30
ACC-0641,Enterprise,57,0,"$384,000",2025-09-30
ACC-0642,SMB,77,1,"$6,000",2025-09-30
ACC-0643,SMB,97,0,"$17,000",2025-09-30
ACC-0644,SMB,63,0,"$11,000",2025-09-30
ACC-0645,Enterprise,34,0,"$91,000",2025-09-30
ACC-0646,Enterprise,78,0,"$390,000",2025-09-30
ACC-0647,SMB,88,0,"$5,000",2025-09-30
ACC-0648,SMB,62,0,"$19,000",2025-09-30
ACC-0649,SMB,85,0,"$4,000",2025-09-30
ACC-0650,SMB,86,0,"$18,000",2025-09-30
ACC-0651,Enterprise,64,0,"$319,000",2025-09-30
ACC-0652,SMB,61,0,"$16,000",2025-09-30
ACC-0653,Mid-Market,84,0,"$64,000",2025-09-30
ACC-0654,SMB,35,0,"$6,000",2025-09-30
ACC-0655,SMB,66,0,"$8,000",2025-09-30
ACC-0656,SMB,15,0,"$12,000",2025-09-30
ACC-0657,Mid-Market,68,0,"$83,000",2025-09-30
ACC-0658,Mid-Market,67,0,"$59,000",2025-09-30
ACC-0659,Mid-Market,69,0,"$26,000",2025-09-30
ACC-0660,SMB,68,0,"$12,000",2025-09-30
ACC-0661,Enterprise,100,0,"$357,000",2025-09-30
ACC-0662,SMB,57,0,"$8,000",2025-09-30
ACC-0663,Mid-Market,100,0,"$65,000",2025-09-30
ACC-0664,Enterprise,75,0,"$395,000",2025-09-30
ACC-0665,Mid-Market,63,0,"$76,000",2025-09-30
ACC-0666,Mid-Market,74,0,"$20,000",2025-09-30
ACC-0667,SMB,38,0,"$9,000",2025-09-30
ACC-0668,Enterprise,59,0,"$194,000",2025-09-30
ACC-0669,Mid-Market,46,0,"$79,000",2025-09-30
ACC-0670,SMB,95,0,"$20,000",2025-09-30
ACC-0671,Enterprise,75,0,"$390,000",2025-09-30
ACC-0672,Enterprise,66,0,"$150,000",2025-09-30
ACC-0673,Enterprise,64,0,"$385,000",2025-09-30
ACC-0674,Mid-Market,100,0,"$23,000",2025-09-30
ACC-0675,SMB,73,0,"$13,000",2025-09-30
ACC-0676,Mid-Market,46,1,"$80,000",2025-09-30
ACC-0677,SMB,61,0,"$11,000",2025-09-30
ACC-0678,Mid-Market,84,0,"$84,000",2025-09-30
ACC-0679,SMB,49,0,"$9,000",2025-09-30
ACC-0680,SMB,62,0,"$17,000",2025-09-30
ACC-0681,SMB,74,0,"$5,000",2025-09-30
ACC-0682,Enterprise,62,0,"$297,000",2025-09-30
ACC-0683,Enterprise,72,0,"$161,000",2025-09-30
ACC-0684,Enterprise,69,0,"$300,000",2025-09-30
ACC-0685,SMB,65,0,"$9,000",2025-09-30
ACC-0686,Mid-Market,71,0,"$23,000",2025-09-30
ACC-0687,SMB,73,1,"$10,000",2025-09-30
ACC-0688,Enterprise,58,0,"$350,000",2025-09-30
ACC-0689,Mid-Market,66,0,"$90,000",2025-09-30
ACC-0690,Enterprise,52,0,"$93,000",2025-09-30
ACC-0691,Mid-Market,69,0,"$28,000",2025-09-30
ACC-0692,Enterprise,69,0,"$319,000",2025-09-30
ACC-0693,Mid-Market,96,0,"$51,000",2025-09-30
ACC-0694,SMB,52,0,"$10,000",2025-09-30
ACC-0695,SMB,57,0,"$14,000",2025-09-30
ACC-0696,Enterprise,72,0,"$360,000",2025-09-30
ACC-0697,SMB,68,0,"$12,000",2025-09-30
ACC-0698,Enterprise,61,0,"$134,000",2025-09-30
ACC-0699,SMB,46,1,"$10,000",2025-09-30
ACC-0700,SMB,63,0,"$5,000",2025-09-30
ACC-0701,Enterprise,60,0,"$399,000",2025-09-30
ACC-0702,SMB,42,0,"$19,000",2025-09-30
ACC-0703,Enterprise,63,0,"$395,000",2025-09-30
ACC-0704,SMB,42,1,"$16,000",2025-09-30
ACC-0705,Mid-Market,83,0,"$84,000",2025-09-30
ACC-0706,Mid-Market,51,0,"$69,000",2025-09-30
ACC-0707,Enterprise,89,0,"$395,000",2025-09-30
ACC-0708,SMB,68,0,"$20,000",2025-09-30
ACC-0709,Mid-Market,80,0,"$81,000",2025-09-30
ACC-0710,Mid-Market,48,0,"$41,000",2025-09-30
ACC-0711,SMB,78,0,"$12,000",2025-09-30
ACC-0712,Enterprise,91,0,"$83,000",2025-09-30
ACC-0713,SMB,41,0,"$14,000",2025-09-30
ACC-0714,Mid-Market,74,0,"$89,000",2025-09-30
ACC-0715,SMB,89,0,"$13,000",2025-09-30
ACC-0716,Mid-Market,66,0,"$50,000",2025-09-30
ACC-0717,Mid-Market,46,0,"$74,000",2025-09-30
ACC-0718,SMB,66,0,"$8,000",2025-09-30
ACC-0719,Mid-Market,88,0,"$75,000",2025-09-30
ACC-0720,Mid-Market,62,0,"$53,000",2025-09-30
ACC-0721,SMB,49,0,"$16,000",2025-09-30
ACC-0722,SMB,72,0,"$14,000",2025-09-30
ACC-0723,SMB,71,0,"$8,000",2025-09-30
ACC-0724,SMB,66,0,"$8,000",2025-09-30
ACC-0725,Mid-Market,58,0,"$50,000",2025-09-30
ACC-0726,SMB,49,0,"$14,000",2025-09-30
ACC-0727,Mid-Market,62,0,"$45,000",2025-09-30
ACC-0728,Mid-Market,47,0,"$49,000",2025-09-30
ACC-0729,Enterprise,66,0,"$132,000",2025-09-30
ACC-0730,SMB,77,0,"$10,000",2025-09-30
ACC-0731,SMB,45,1,"$4,000",2025-09-30
ACC-0732,Enterprise,71,0,"$95,000",2025-09-30
ACC-0733,SMB,52,0,"$17,000",2025-09-30
ACC-0734,SMB,57,0,"$10,000",2025-09-30
ACC-0735,Enterprise,79,0,"$194,000",2025-09-30
ACC-0736,Mid-Market,33,1,"$75,000",2025-09-30
ACC-0737,Mid-Market,100,0,"$61,000",2025-09-30
ACC-0738,Mid-Market,69,0,"$70,000",2025-09-30
ACC-0739,SMB,86,0,"$11,000",2025-09-30
ACC-0740,SMB,66,1,"$16,000",2025-09-30
ACC-0741,SMB,44,0,"$18,000",2025-09-30
ACC-0742,SMB,60,0,"$5,000",2025-09-30
ACC-0743,SMB,80,0,"$3,000",2025-09-30
ACC-0744,Enterprise,87,0,"$234,000",2025-09-30
ACC-0745,SMB,54,0,"$17,000",2025-09-30
ACC-0746,Mid-Market,66,0,"$79,000",2025-09-30
ACC-0747,Enterprise,55,0,"$194,000",2025-09-30
ACC-0748,Mid-Market,61,0,"$78,000",2025-09-30
ACC-0749,SMB,42,0,"$9,000",2025-09-30
ACC-0750,SMB,55,0,"$10,000",2025-09-30
ACC-0751,SMB,79,0,"$16,000",2025-09-30
ACC-0752,SMB,72,0,"$12,000",2025-09-30
ACC-0753,SMB,75,0,"$5,000",2025-09-30
ACC-0754,Mid-Market,66,0,"$90,000",2025-09-30
ACC-0755,Mid-Market,41,0,"$73,000",2025-09-30
ACC-0756,SMB,74,0,"$3,000",2025-09-30
ACC-0757,SMB,53,0,"$11,000",2025-09-30
ACC-0758,SMB,47,0,"$12,000",2025-09-30
ACC-0759,Mid-Market,52,0,"$84,000",2025-09-30
ACC-0760,SMB,48,0,"$7,000",2025-09-30
ACC-0761,Mid-Market,71,0,"$73,000",2025-09-30
ACC-0762,SMB,14,0,"$19,000",2025-09-30
ACC-0763,Mid-Market,42,0,"$25,000",2025-09-30
ACC-0764,Mid-Market,58,0,"$37,000",2025-09-30
ACC-0765,Mid-Market,54,1,"$73,000",2025-09-30
ACC-0766,SMB,59,0,"$19,000",2025-09-30
ACC-0767,Mid-Market,56,0,"$61,000",2025-09-30
ACC-0768,SMB,34,0,"$16,000",2025-09-30
ACC-0769,SMB,78,0,"$15,000",2025-09-30
ACC-0770,Mid-Market,92,0,"$40,000",2025-09-30
ACC-0771,Mid-Market,92,0,"$74,000",2025-09-30
ACC-0772,SMB,83,0,"$17,000",2025-09-30
ACC-0773,Mid-Market,60,0,"$71,000",2025-09-30
ACC-0774,Enterprise,62,0,"$118,000",2025-09-30
ACC-0775,Mid-Market,79,0,"$50,000",2025-09-30
ACC-0776,Mid-Market,44,0,"$51,000",2025-09-30
ACC-0777,Mid-Market,75,0,"$88,000",2025-09-30
ACC-0778,SMB,53,0,"$4,000",2025-09-30
ACC-0779,SMB,56,0,"$3,000",2025-09-30
ACC-0780,SMB,75,0,"$18,000",2025-09-30
ACC-0781,Enterprise,79,0,"$343,000",2025-09-30
ACC-0782,Mid-Market,82,0,"$69,000",2025-09-30
ACC-0783,SMB,81,0,"$17,000",2025-09-30
ACC-0784,SMB,77,0,"$7,000",2025-09-30
ACC-0785,SMB,49,1,"$20,000",2025-09-30
ACC-0786,Enterprise,53,0,"$137,000",2025-09-30
ACC-0787,Mid-Market,66,0,"$70,000",2025-09-30
ACC-0788,Enterprise,81,0,"$98,000",2025-09-30
ACC-0789,Mid-Market,86,0,"$75,000",2025-09-30
ACC-0790,Enterprise,57,0,"$310,000",2025-09-30
ACC-0791,Mid-Market,69,0,"$41,000",2025-09-30
ACC-0792,SMB,100,0,"$19,000",2025-09-30
ACC-0793,SMB,52,0,"$8,000",2025-09-30
ACC-0794,Mid-Market,77,0,"$30,000",2025-09-30
ACC-0795,SMB,30,1,"$12,000",2025-09-30
ACC-0796,Mid-Market,76,0,"$60,000",2025-09-30
ACC-0797,SMB,20,0,"$18,000",2025-09-30
ACC-0798,SMB,66,0,"$17,000",2025-09-30
ACC-0799,Enterprise,45,0,"$242,000",2025-09-30
ACC-0800,SMB,71,0,"$7,000",2025-09-30
ACC-0801,SMB,54,0,"$12,000",2025-09-30
ACC-0802,SMB,49,0,"$6,000",2025-09-30
ACC-0803,Enterprise,64,0,"$172,000",2025-09-30
ACC-0804,SMB,70,0,"$16,000",2025-09-30
ACC-0805,Enterprise,55,0,"$277,000",2025-09-30
ACC-0806,SMB,40,1,"$4,000",2025-09-30
ACC-0807,SMB,56,0,"$17,000",2025-09-30
ACC-0808,SMB,75,0,"$17,000",2025-09-30
ACC-0809,Mid-Market,85,0,"$76,000",2025-09-30
ACC-0810,Mid-Market,63,0,"$23,000",2025-09-30
ACC-0811,SMB,32,0,"$8,000",2025-09-30
ACC-0812,SMB,34,0,"$14,000",2025-09-30
ACC-0813,SMB,64,0,"$11,000",2025-09-30
ACC-0814,SMB,73,1,"$3,000",2025-09-30
ACC-0815,Mid-Market,54,0,"$89,000",2025-09-30
ACC-0816,SMB,70,0,"$5,000",2025-09-30
ACC-0817,Mid-Market,67,0,"$81,000",2025-09-30
ACC-0818,Enterprise,76,0,"$271,000",2025-09-30
ACC-0819,SMB,72,0,"$14,000",2025-09-30
ACC-0820,Enterprise,44,0,"$150,000",2025-09-30
ACC-0821,SMB,45,0,"$18,000",2025-09-30
ACC-0822,Mid-Market,26,0,"$51,000",2025-09-30
ACC-0823,Mid-Market,55,0,"$68,000",2025-09-30
ACC-0824,SMB,87,0,"$18,000",2025-09-30
ACC-0825,Enterprise,56,0,"$128,000",2025-09-30
ACC-0826,SMB,100,0,"$14,000",2025-09-30
ACC-0827,Enterprise,69,0,"$324,000",2025-09-30
ACC-0828,SMB,44,0,"$4,000",2025-09-30
ACC-0829,Mid-Market,71,0,"$48,000",2025-09-30
ACC-0830,SMB,70,0,"$14,000",2025-09-30
ACC-0831,SMB,25,1,"$5,000",2025-09-30
ACC-0832,Mid-Market,50,0,"$76,000",2025-09-30
ACC-0833,Mid-Market,84,0,"$37,000",2025-09-30
ACC-0834,Mid-Market,89,0,"$83,000",2025-09-30
ACC-0835,Mid-Market,83,0,"$42,000",2025-09-30
ACC-0836,Mid-Market,54,0,"$75,000",2025-09-30
ACC-0837,SMB,90,0,"$18,000",2025-09-30
ACC-0838,Enterprise,58,0,"$153,000",2025-09-30
ACC-0839,SMB,66,0,"$12,000",2025-09-30
ACC-0840,SMB,70,0,"$20,000",2025-09-30
ACC-0841,SMB,49,0,"$5,000",2025-09-30
ACC-0842,SMB,78,0,"$17,000",2025-09-30
ACC-0843,SMB,64,0,"$12,000",2025-09-30
ACC-0844,SMB,64,0,"$3,000",2025-09-30
ACC-0845,Mid-Market,53,0,"$83,000",2025-09-30
ACC-0846,Mid-Market,67,0,"$65,000",2025-09-30
ACC-0847,SMB,59,0,"$3,000",2025-09-30
ACC-0848,Mid-Market,74,0,"$87,000",2025-09-30
ACC-0849,SMB,55,0,"$17,000",2025-09-30
ACC-0850,Mid-Market,38,0,"$50,000",2025-09-30
ACC-0851,Enterprise,54,0,"$333,000",2025-09-30
ACC-0852,Enterprise,60,0,"$282,000",2025-09-30
ACC-0853,Mid-Market,82,0,"$76,000",2025-09-30
ACC-0854,Mid-Market,58,0,"$53,000",2025-09-30
ACC-0855,SMB,72,0,"$10,000",2025-09-30
ACC-0856,SMB,65,0,"$5,000",2025-09-30
ACC-0857,Enterprise,74,1,"$329,000",2025-09-30
ACC-0858,Mid-Market,69,0,"$86,000",2025-09-30
ACC-0859,SMB,61,0,"$6,000",2025-09-30
ACC-0860,SMB,79,0,"$14,000",2025-09-30
ACC-0861,Enterprise,89,0,"$143,000",2025-09-30
ACC-0862,SMB,80,0,"$3,000",2025-09-30
ACC-0863,SMB,42,0,"$19,000",2025-09-30
ACC-0864,Enterprise,61,0,"$156,000",2025-09-30
ACC-0865,SMB,78,0,"$9,000",2025-09-30
ACC-0866,Enterprise,69,0,"$126,000",2025-09-30
ACC-0867,Mid-Market,52,0,"$21,000",2025-09-30
ACC-0868,SMB,74,0,"$14,000",2025-09-30
ACC-0869,Enterprise,66,0,"$159,000",2025-09-30
ACC-0870,Mid-Market,30,1,"$48,000",2025-09-30
ACC-0871,SMB,64,0,"$11,000",2025-09-30
ACC-0872,Mid-Market,67,0,"$35,000",2025-09-30
ACC-0873,Enterprise,58,0,"$310,000",2025-09-30
ACC-0874,Mid-Market,64,0,"$62,000",2025-09-30
ACC-0875,Mid-Market,68,1,"$44,000",2025-09-30
ACC-0876,Mid-Market,97,0,"$48,000",2025-09-30
ACC-0877,Enterprise,87,0,"$209,000",2025-09-30
ACC-0878,Enterprise,39,0,"$94,000",2025-09-30
ACC-0879,Enterprise,61,0,"$214,000",2025-09-30
ACC-0880,SMB,63,0,"$9,000",2025-09-30
ACC-0881,Enterprise,49,0,"$119,000",2025-09-30
ACC-0882,Enterprise,58,0,"$299,000",2025-09-30
ACC-0883,Mid-Market,63,0,"$60,000",2025-09-30
ACC-0884,Enterprise,64,0,"$137,000",2025-09-30
ACC-0885,Mid-Market,66,0,"$65,000",2025-09-30
ACC-0886,SMB,57,0,"$4,000",2025-09-30
ACC-0887,Mid-Market,77,0,"$50,000",2025-09-30
ACC-0888,SMB,75,0,"$12,000",2025-09-30
ACC-0889,SMB,100,0,"$18,000",2025-09-30
ACC-0890,Enterprise,72,0,"$81,000",2025-09-30
ACC-0891,Enterprise,56,1,"$285,000",2025-09-30
ACC-0892,SMB,78,0,"$12,000",2025-09-30
ACC-0893,SMB,27,0,"$20,000",2025-09-30
ACC-0894,Mid-Market,91,0,"$52,000",2025-09-30
ACC-0895,Enterprise,85,0,"$380,000",2025-09-30
ACC-0896,Mid-Market,54,0,"$83,000",2025-09-30
ACC-0897,SMB,49,0,"$5,000",2025-09-30
ACC-0898,SMB,58,0,"$7,000",2025-09-30
ACC-0899,Enterprise,90,0,"$250,000",2025-09-30
ACC-0900,Enterprise,46,0,"$274,000",2025-09-30
ACC-0901,SMB,74,0,"$9,000",2025-09-30
ACC-0902,SMB,58,0,"$16,000",2025-09-30
ACC-0903,Enterprise,66,0,"$128,000",2025-09-30
ACC-0904,Enterprise,26,0,"$262,000",2025-09-30
ACC-0905,Mid-Market,69,0,"$83,000",2025-09-30
ACC-0906,Mid-Market,70,0,"$27,000",2025-09-30
ACC-0907,Mid-Market,74,0,"$84,000",2025-09-30
ACC-0908,Mid-Market,34,1,"$51,000",2025-09-30
ACC-0909,SMB,53,0,"$4,000",2025-09-30
ACC-0910,Mid-Market,63,0,"$46,000",2025-09-30
ACC-0911,SMB,66,1,"$12,000",2025-09-30
ACC-0912,SMB,74,0,"$5,000",2025-09-30
ACC-0913,SMB,90,0,"$13,000",2025-09-30
ACC-0914,Enterprise,56,0,"$264,000",2025-09-30
ACC-0915,Enterprise,55,0,"$319,000",2025-09-30
ACC-0916,Enterprise,64,0,"$201,000",2025-09-30
ACC-0917,Enterprise,32,0,"$222,000",2025-09-30
ACC-0918,Mid-Market,100,0,"$55,000",2025-09-30
ACC-0919,SMB,75,0,"$9,000",2025-09-30
ACC-0920,SMB,53,0,"$3,000",2025-09-30
ACC-0921,SMB,77,0,"$18,000",2025-09-30
ACC-0922,Enterprise,34,0,"$95,000",2025-09-30
ACC-0923,SMB,100,0,"$10,000",2025-09-30
ACC-0924,Enterprise,62,0,"$281,000",2025-09-30
ACC-0925,Enterprise,50,1,"$385,000",2025-09-30
ACC-0926,SMB,60,0,"$3,000",2025-09-30
ACC-0927,Mid-Market,48,0,"$73,000",2025-09-30
ACC-0928,SMB,42,0,"$5,000",2025-09-30
ACC-0929,Mid-Market,67,0,"$46,000",2025-09-30
ACC-0930,SMB,63,0,"$12,000",2025-09-30
ACC-0931,SMB,37,0,"$19,000",2025-09-30
ACC-0932,Mid-Market,56,0,"$28,000",2025-09-30
ACC-0933,Enterprise,93,0,"$177,000",2025-09-30
ACC-0934,Enterprise,71,0,"$271,000",2025-09-30
ACC-0935,SMB,73,0,"$20,000",2025-09-30
ACC-0936,Mid-Market,99,0,"$72,000",2025-09-30
ACC-0937,SMB,85,0,"$12,000",2025-09-30
ACC-0938,SMB,81,0,"$16,000",2025-09-30
ACC-0939,SMB,46,0,"$17,000",2025-09-30
ACC-0940,Enterprise,58,0,"$162,000",2025-09-30
ACC-0941,Enterprise,53,0,"$193,000",2025-09-30
ACC-0942,Mid-Market,78,0,"$32,000",2025-09-30
ACC-0943,SMB,59,0,"$19,000",2025-09-30
ACC-0944,Mid-Market,53,1,"$44,000",2025-09-30
ACC-0945,Enterprise,60,0,"$324,000",2025-09-30
ACC-0946,Enterprise,100,0,"$368,000",2025-09-30
ACC-0947,SMB,71,0,"$3,000",2025-09-30
ACC-0948,Mid-Market,87,0,"$53,000",2025-09-30
ACC-0949,Mid-Market,76,0,"$36,000",2025-09-30
ACC-0950,Mid-Market,57,1,"$23,000",2025-09-30
ACC-0951,SMB,52,1,"$19,000",2025-09-30
ACC-0952,SMB,75,0,"$11,000",2025-09-30
ACC-0953,SMB,86,0,"$17,000",2025-09-30
ACC-0954,SMB,72,0,"$19,000",2025-09-30
ACC-0955,Enterprise,49,0,"$291,000",2025-09-30
ACC-0956,Enterprise,55,0,"$338,000",2025-09-30
ACC-0957,Mid-Market,55,0,"$79,000",2025-09-30
ACC-0958,Enterprise,87,0,"$363,000",2025-09-30
ACC-0959,Mid-Market,41,1,"$70,000",2025-09-30
ACC-0960,SMB,79,0,"$13,000",2025-09-30
ACC-0961,SMB,18,0,"$16,000",2025-09-30
ACC-0962,Mid-Market,49,0,"$83,000",2025-09-30
ACC-0963,SMB,65,0,"$12,000",2025-09-30
ACC-0964,SMB,84,0,"$6,000",2025-09-30
ACC-0965,Enterprise,51,0,"$165,000",2025-09-30
ACC-0966,SMB,65,0,"$4,000",2025-09-30
ACC-0967,SMB,67,0,"$3,000",2025-09-30
ACC-0968,SMB,48,0,"$10,000",2025-09-30
ACC-0969,SMB,57,0,"$11,000",2025-09-30
ACC-0970,Mid-Market,48,0,"$80,000",2025-09-30
ACC-0971,SMB,75,0,"$5,000",2025-09-30
ACC-0972,Enterprise,48,1,"$122,000",2025-09-30
ACC-0973,Mid-Market,87,0,"$52,000",2025-09-30
ACC-0974,Mid-Market,63,0,"$76,000",2025-09-30
ACC-0975,SMB,67,0,"$4,000",2025-09-30
ACC-0976,Mid-Market,100,0,"$23,000",2025-09-30
ACC-0977,Mid-Market,56,0,"$66,000",2025-09-30
ACC-0978,SMB,74,0,"$18,000",2025-09-30
ACC-0979,Enterprise,60,0,"$153,000",2025-09-30
ACC-0980,Enterprise,73,0,"$140,000",2025-09-30
ACC-0981,SMB,75,0,"$20,000",2025-09-30
ACC-0982,Enterprise,60,0,"$114,000",2025-09-30
ACC-0983,Enterprise,37,0,"$138,000",2025-09-30
ACC-0984,SMB,58,0,"$12,000",2025-09-30
ACC-0985,SMB,82,0,"$11,000",2025-09-30
ACC-0986,SMB,73,0,"$14,000",2025-09-30
ACC-0987,SMB,87,0,"$11,000",2025-09-30
ACC-0988,Mid-Market,34,0,"$69,000",2025-09-30
ACC-0989,Mid-Market,38,0,"$62,000",2025-09-30
ACC-0990,Mid-Market,78,0,"$54,000",2025-09-30
ACC-0991,Enterprise,36,0,"$279,000",2025-09-30
ACC-0992,SMB,59,0,"$7,000",2025-09-30
ACC-0993,Mid-Market,81,1,"$27,000",2025-09-30
ACC-0994,Mid-Market,65,0,"$65,000",2025-09-30
ACC-0995,Enterprise,69,0,"$238,000",2025-09-30
ACC-0996,Mid-Market,89,0,"$62,000",2025-09-30
ACC-0997,Mid-Market,65,0,"$21,000",2025-09-30
ACC-0998,Enterprise,96,0,"$191,000",2025-09-30
ACC-0999,Mid-Market,46,0,"$79,000",2025-09-30
ACC-1000,SMB,78,0,"$12,000",2025-09-30
ACC-1001,SMB,50,1,"$16,000",2025-09-30
ACC-1002,Mid-Market,44,0,"$47,000",2025-09-30
ACC-1003,Mid-Market,91,0,"$26,000",2025-09-30
ACC-1004,SMB,40,0,"$17,000",2025-09-30
ACC-1005,SMB,67,0,"$12,000",2025-09-30
ACC-1006,Mid-Market,51,0,"$57,000",2025-09-30
ACC-1007,SMB,52,1,"$10,000",2025-09-30
ACC-1008,Mid-Market,100,0,"$85,000",2025-09-30
ACC-1009,Enterprise,50,0,"$116,000",2025-09-30
ACC-1010,SMB,63,0,"$19,000",2025-09-30
ACC-1011,Mid-Market,26,0,"$74,000",2025-09-30
ACC-1012,SMB,92,0,"$3,000",2025-09-30
ACC-1013,SMB,83,0,"$7,000",2025-09-30
ACC-1014,SMB,100,0,"$16,000",2025-09-30
ACC-1015,Enterprise,54,0,"$354,000",2025-09-30
ACC-1016,SMB,63,0,"$6,000",2025-09-30
ACC-1017,Enterprise,79,0,"$147,000",2025-09-30
ACC-1018,SMB,60,0,"$16,000",2025-09-30
ACC-1019,SMB,44,0,"$13,000",2025-09-30
ACC-1020,SMB,52,0,"$20,000",2025-09-30
ACC-1021,Enterprise,58,0,"$365,000",2025-09-30
ACC-1022,SMB,58,0,"$8,000",2025-09-30
ACC-1023,Mid-Market,53,0,"$68,000",2025-09-30
ACC-1024,SMB,68,0,"$12,000",2025-09-30
ACC-1025,Mid-Market,62,0,"$22,000",2025-09-30
ACC-1026,SMB,100,0,"$6,000",2025-09-30
ACC-1027,SMB,81,0,"$3,000",2025-09-30
ACC-1028,SMB,71,0,"$11,000",2025-09-30
ACC-1029,Mid-Market,41,0,"$52,000",2025-09-30
ACC-1030,Mid-Market,88,0,"$56,000",2025-09-30
ACC-1031,Mid-Market,54,0,"$83,000",2025-09-30
ACC-1032,SMB,72,0,"$16,000",2025-09-30
ACC-1033,SMB,91,0,"$9,000",2025-09-30
ACC-1034,Mid-Market,73,0,"$61,000",2025-09-30
ACC-1035,Enterprise,45,0,"$132,000",2025-09-30
ACC-1036,SMB,78,0,"$7,000",2025-09-30
ACC-1037,SMB,73,1,"$17,000",2025-09-30
ACC-1038,Enterprise,18,1,"$90,000",2025-09-30
ACC-1039,SMB,33,0,"$20,000",2025-09-30
ACC-1040,SMB,27,1,"$3,000",2025-09-30
ACC-1041,Mid-Market,73,0,"$66,000",2025-09-30
ACC-1042,SMB,52,0,"$3,000",2025-09-30
ACC-1043,SMB,100,0,"$15,000",2025-09-30
ACC-1044,Enterprise,41,0,"$262,000",2025-09-30
ACC-1045,Enterprise,64,0,"$107,000",2025-09-30
ACC-1046,SMB,87,1,"$8,000",2025-09-30
ACC-1047,Mid-Market,90,0,"$20,000",2025-09-30
ACC-1048,Mid-Market,62,0,"$57,000",2025-09-30
ACC-1049,Enterprise,60,0,"$209,000",2025-09-30
ACC-1050,Enterprise,56,0,"$225,000",2025-09-30
ACC-1051,SMB,87,0,"$18,000",2025-09-30
ACC-1052,SMB,62,0,"$19,000",2025-09-30
ACC-1053,SMB,49,0,"$19,000",2025-09-30
ACC-1054,Mid-Market,65,0,"$30,000",2025-09-30
ACC-1055,Mid-Market,60,1,"$66,000",2025-09-30
ACC-1056,Mid-Market,83,0,"$90,000",2025-09-30
ACC-1057,Mid-Market,49,0,"$49,000",2025-09-30
ACC-1058,SMB,71,0,"$4,000",2025-09-30
ACC-1059,Mid-Market,59,1,"$22,000",2025-09-30
ACC-1060,Enterprise,49,0,"$104,000",2025-09-30
ACC-1061,Mid-Market,59,0,"$47,000",2025-09-30
ACC-1062,Mid-Market,72,0,"$28,000",2025-09-30
ACC-1063,Enterprise,78,0,"$176,000",2025-09-30
ACC-1064,Mid-Market,75,0,"$43,000",2025-09-30
ACC-1065,SMB,63,0,"$19,000",2025-09-30
ACC-1066,SMB,29,0,"$15,000",2025-09-30
ACC-1067,SMB,97,0,"$8,000",2025-09-30
ACC-1068,Enterprise,58,0,"$303,000",2025-09-30
ACC-1069,SMB,61,0,"$11,000",2025-09-30
ACC-1070,SMB,77,0,"$18,000",2025-09-30
ACC-1071,SMB,73,0,"$7,000",2025-09-30
ACC-1072,SMB,91,0,"$14,000",2025-09-30
ACC-1073,Enterprise,54,0,"$390,000",2025-09-30
ACC-1074,Enterprise,48,0,"$158,000",2025-09-30
ACC-1075,Enterprise,54,0,"$383,000",2025-09-30
ACC-1076,Mid-Market,100,0,"$39,000",2025-09-30
ACC-1077,Mid-Market,60,0,"$71,000",2025-09-30
ACC-1078,Mid-Market,56,1,"$33,000",2025-09-30
ACC-1079,Enterprise,81,0,"$100,000",2025-09-30
ACC-1080,SMB,98,0,"$16,000",2025-09-30
ACC-1081,SMB,72,0,"$9,000",2025-09-30
ACC-1082,Enterprise,66,0,"$87,000",2025-09-30
ACC-1083,Enterprise,71,0,"$103,000",2025-09-30
ACC-1084,SMB,86,0,"$18,000",2025-09-30
ACC-1085,SMB,89,0,"$7,000",2025-09-30
ACC-1086,SMB,80,0,"$11,000",2025-09-30
ACC-1087,Mid-Market,63,0,"$83,000",2025-09-30
ACC-1088,SMB,65,1,"$7,000",2025-09-30
ACC-1089,Enterprise,75,0,"$217,000",2025-09-30
ACC-1090,Mid-Market,86,0,"$82,000",2025-09-30
ACC-1091,SMB,74,0,"$5,000",2025-09-30
ACC-1092,SMB,72,0,"$11,000",2025-09-30
ACC-1093,SMB,92,0,"$10,000",2025-09-30
ACC-1094,Enterprise,27,0,"$205,000",2025-09-30
ACC-1095,SMB,57,0,"$9,000",2025-09-30
ACC-1096,Enterprise,65,0,"$254,000",2025-09-30
ACC-1097,SMB,66,0,"$13,000",2025-09-30
ACC-1098,Mid-Market,100,0,"$76,000",2025-09-30
ACC-1099,Mid-Market,77,0,"$80,000",2025-09-30
ACC-1100,Mid-Market,80,0,"$88,000",2025-09-30
ACC-1101,Mid-Market,65,0,"$28,000",2025-09-30
ACC-1102,Enterprise,73,0,"$245,000",2025-09-30
ACC-1103,Mid-Market,45,0,"$77,000",2025-09-30
ACC-1104,Mid-Market,48,0,"$34,000",2025-09-30
ACC-1105,Enterprise,78,0,"$358,000",2025-09-30
ACC-1106,Mid-Market,57,0,"$36,000",2025-09-30
ACC-1107,SMB,62,1,"$4,000",2025-09-30
ACC-1108,SMB,49,0,"$10,000",2025-09-30
ACC-1109,Enterprise,76,0,"$258,000",2025-09-30
ACC-1110,SMB,67,0,"$8,000",2025-09-30
ACC-1111,Enterprise,73,0,"$244,000",2025-09-30
ACC-1112,SMB,67,0,"$6,000",2025-09-30
ACC-1113,Enterprise,35,0,"$157,000",2025-09-30
ACC-1114,Enterprise,63,0,"$112,000",2025-09-30
ACC-1115,SMB,79,0,"$9,000",2025-09-30
ACC-1116,Mid-Market,88,0,"$49,000",2025-09-30
ACC-1117,SMB,51,0,"$14,000",2025-09-30
ACC-1118,Mid-Market,68,0,"$47,000",2025-09-30
ACC-1119,Mid-Market,64,0,"$20,000",2025-09-30
ACC-1120,Mid-Market,0,1,"$69,000",2025-09-30
ACC-1121,Mid-Market,77,0,"$25,000",2025-09-30
ACC-1122,SMB,88,0,"$6,000",2025-09-30
ACC-1123,Enterprise,79,1,"$332,000",2025-09-30
ACC-1124,SMB,53,0,"$8,000",2025-09-30
ACC-1125,Enterprise,85,0,"$157,000",2025-09-30
ACC-1126,Enterprise,62,0,"$358,000",2025-09-30
ACC-1127,Mid-Market,81,0,"$77,000",2025-09-30
ACC-1128,Enterprise,91,0,"$86,000",2025-09-30
ACC-1129,Enterprise,61,0,"$356,000",2025-09-30
ACC-1130,SMB,86,0,"$16,000",2025-09-30
ACC-1131,SMB,28,0,"$9,000",2025-09-30
ACC-1132,SMB,67,0,"$18,000",2025-09-30
ACC-1133,SMB,64,1,"$7,000",2025-09-30
ACC-1134,SMB,81,0,"$14,000",2025-09-30
ACC-1135,Enterprise,83,0,"$278,000",2025-09-30
ACC-1136,Enterprise,52,0,"$137,000",2025-09-30
ACC-1137,Mid-Market,71,0,"$33,000",2025-09-30
ACC-1138,Enterprise,58,0,"$358,000",2025-09-30
ACC-1139,Enterprise,74,0,"$386,000",2025-09-30
ACC-1140,Mid-Market,62,0,"$30,000",2025-09-30
ACC-1141,Mid-Market,66,0,"$80,000",2025-09-30
ACC-1142,Mid-Market,74,0,"$63,000",2025-09-30
ACC-1143,Mid-Market,81,0,"$50,000",2025-09-30
ACC-1144,Mid-Market,51,0,"$64,000",2025-09-30
ACC-1145,SMB,68,1,"$16,000",2025-09-30
ACC-1146,Mid-Market,61,1,"$27,000",2025-09-30
ACC-1147,Enterprise,88,0,"$264,000",2025-09-30
ACC-1148,Mid-Market,56,0,"$88,000",2025-09-30
ACC-1149,Mid-Market,67,0,"$80,000",2025-09-30
ACC-1150,Mid-Market,75,0,"$50,000",2025-09-30
ACC-1151,Mid-Market,60,0,"$25,000",2025-09-30
ACC-1152,Enterprise,69,0,"$189,000",2025-09-30
ACC-1153,SMB,49,0,"$3,000",2025-09-30
ACC-1154,SMB,41,0,"$13,000",2025-09-30
ACC-1155,Enterprise,69,0,"$336,000",2025-09-30
ACC-1156,Mid-Market,98,0,"$29,000",2025-09-30
ACC-1157,Mid-Market,55,0,"$61,000",2025-09-30
ACC-1158,Mid-Market,80,0,"$81,000",2025-09-30
ACC-1159,SMB,60,0,"$3,000",2025-09-30
ACC-1160,Mid-Market,56,0,"$62,000",2025-09-30
ACC-1161,Mid-Market,88,0,"$52,000",2025-09-30
ACC-1162,Mid-Market,63,1,"$73,000",2025-09-30
ACC-1163,Enterprise,59,0,"$346,000",2025-09-30
ACC-1164,Mid-Market,69,0,"$75,000",2025-09-30
ACC-1165,SMB,85,0,"$12,000",2025-09-30
ACC-1166,Enterprise,68,0,"$292,000",2025-09-30
ACC-1167,Mid-Market,63,0,"$24,000",2025-09-30
ACC-1168,SMB,43,0,"$5,000",2025-09-30
ACC-1169,SMB,78,0,"$18,000",2025-09-30
ACC-1170,SMB,31,1,"$9,000",2025-09-30
ACC-1171,SMB,47,0,"$10,000",2025-09-30
ACC-1172,SMB,60,1,"$19,000",2025-09-30
ACC-1173,Mid-Market,81,0,"$69,000",2025-09-30
ACC-1174,SMB,55,0,"$19,000",2025-09-30
ACC-1175,SMB,73,0,"$9,000",2025-09-30
ACC-1176,Mid-Market,73,0,"$21,000",2025-09-30
ACC-1177,SMB,66,0,"$15,000",2025-09-30
ACC-1178,Mid-Market,100,0,"$71,000",2025-09-30
ACC-1179,Enterprise,78,0,"$146,000",2025-09-30
ACC-1180,Enterprise,55,0,"$366,000",2025-09-30
ACC-1181,SMB,45,0,"$13,000",2025-09-30
ACC-1182,Enterprise,39,0,"$286,000",2025-09-30
ACC-1183,SMB,46,0,"$9,000",2025-09-30
ACC-1184,Mid-Market,63,0,"$45,000",2025-09-30
ACC-1185,SMB,95,0,"$11,000",2025-09-30
ACC-1186,Mid-Market,52,1,"$47,000",2025-09-30
ACC-1187,SMB,88,0,"$12,000",2025-09-30
ACC-1188,Enterprise,70,0,"$116,000",2025-09-30
ACC-1189,Mid-Market,63,0,"$21,000",2025-09-30
ACC-1190,Mid-Market,76,0,"$73,000",2025-09-30
ACC-1191,SMB,42,0,"$9,000",2025-09-30
ACC-1192,SMB,50,1,"$4,000",2025-09-30
ACC-1193,SMB,22,0,"$16,000",2025-09-30
ACC-1194,Enterprise,65,0,"$314,000",2025-09-30
ACC-1195,SMB,54,0,"$3,000",2025-09-30
ACC-1196,SMB,62,0,"$12,000",2025-09-30
ACC-1197,Mid-Market,87,0,"$23,000",2025-09-30
ACC-1198,SMB,61,0,"$20,000",2025-09-30
ACC-1199,SMB,80,0,"$9,000",2025-09-30
ACC-1200,SMB,34,1,"$8,000",2025-09-30
